{
	"array" : 
	[
		{
			"bool" : true,
			"null" : null
		},
		{
			"int" : 12345,
			"real" : 3.1400000000000001
		}
	],
	"bool" : true,
	"int" : 12345,
	"null" : null,
	"object" : 
	{
		"bool" : true,
		"int" : 12345,
		"null" : null,
		"real" : 3.1400000000000001
	},
	"real" : 3.1400000000000001,
	"string" : "Hello"
}